{
  "propel": {
    "database": {
      "connections": {
        "lacerdb": {
          "adapter": "mysql",
          "classname": "Propel\\Runtime\\Connection\\ConnectionWrapper",
          "dsn": "mysql:host=localhost;dbname=lacerdb",
          "user": "root",
          "password": "root",
          "attributes": []
        }
      }
    },
    "runtime": {
      "defaultConnection": "lacerdb",
      "connections": ["lacerdb"]
    },
    "generator": {
      "defaultConnection": "lacerdb",
      "connections": ["lacerdb"]
    }
  }
}